Number of species	159
Number of genes	671517
Number of genes in orthogroups	668239
Number of unassigned genes	3278
Percentage of genes in orthogroups	99.5
Percentage of unassigned genes	0.5
Number of orthogroups	9674
Number of species-specific orthogroups	27
Number of genes in species-specific orthogroups	67
Percentage of genes in species-specific orthogroups	0.0
Mean orthogroup size	69.1
Median orthogroup size	24.0
G50 (assigned genes)	158
G50 (all genes)	158
O50 (assigned genes)	1930
O50 (all genes)	1941
Number of orthogroups with all species present	1088
Number of single-copy orthogroups	961
Date	2026-06-25
Orthogroups file	Orthogroups.tsv
Unassigned genes file	Orthogroups_UnassignedGenes.tsv
Per-species statistics	Statistics_PerSpecies.tsv
Overall statistics	Statistics_Overall.tsv
Orthogroups shared between species	Orthogroups_SpeciesOverlaps.tsv

Average number of genes per-species in orthogroup	Number of orthogroups	Percentage of orthogroups	Number of genes	Percentage of genes
<1	8227	85.0	410430	61.4
'1	1417	14.6	244999	36.7
'2	24	0.2	8854	1.3
'3	3	0.0	1645	0.2
'4	2	0.0	1325	0.2
'5	0	0.0	0	0.0
'6	1	0.0	986	0.1
'7	0	0.0	0	0.0
'8	0	0.0	0	0.0
'9	0	0.0	0	0.0
'10	0	0.0	0	0.0
11-15	0	0.0	0	0.0
16-20	0	0.0	0	0.0
21-50	0	0.0	0	0.0
51-100	0	0.0	0	0.0
101-150	0	0.0	0	0.0
151-200	0	0.0	0	0.0
201-500	0	0.0	0	0.0
501-1000	0	0.0	0	0.0
'1001+	0	0.0	0	0.0

Number of species in orthogroup	Number of orthogroups
1	27
2	995
3	1020
4	584
5	331
6	318
7	207
8	148
9	153
10	132
11	124
12	90
13	72
14	60
15	64
16	49
17	54
18	70
19	80
20	94
21	83
22	51
23	74
24	69
25	47
26	41
27	45
28	44
29	43
30	39
31	33
32	24
33	22
34	20
35	23
36	26
37	31
38	20
39	13
40	22
41	21
42	16
43	28
44	14
45	22
46	16
47	24
48	28
49	9
50	10
51	16
52	16
53	12
54	15
55	19
56	16
57	11
58	12
59	17
60	12
61	11
62	13
63	13
64	10
65	14
66	12
67	13
68	8
69	14
70	3
71	13
72	11
73	10
74	5
75	8
76	15
77	8
78	7
79	14
80	12
81	7
82	12
83	11
84	12
85	21
86	19
87	9
88	10
89	12
90	12
91	12
92	19
93	12
94	16
95	6
96	12
97	14
98	5
99	4
100	8
101	3
102	3
103	8
104	2
105	12
106	9
107	7
108	14
109	3
110	6
111	5
112	7
113	7
114	8
115	11
116	9
117	14
118	11
119	14
120	8
121	14
122	10
123	7
124	18
125	13
126	9
127	14
128	32
129	15
130	12
131	21
132	27
133	7
134	16
135	5
136	9
137	6
138	15
139	10
140	13
141	10
142	13
143	23
144	26
145	21
146	19
147	35
148	34
149	42
150	43
151	60
152	75
153	106
154	113
155	164
156	243
157	291
158	611
159	1088
